Workbook

Sheet Sheet5
A1: Category | B1: Column
A3: Row Labels | B3: Count of Column_ID
A4: 2 | B4: 68
A5: 4 | B5: 53
A6: 5 | B6: 24
A7: 6 | B7: 152
A8: Grand Total | B8: 297

Sheet column_progress
A1: Full_ID | B1: Tower | C1: Level | D1: Zone | E1: SOW | F1: Column_ID | G1: fwk_pc13 | H1: rebar_pc13 | I1: concrete_pc13 | J1: Category | K1: fwk_pc14 | L1: rebar_pc14 | M1: concrete_pc14
A2: T3-L4-Z17_MC-C1 | B2: T3 | C2: L4 | D2: Z17_MC | E2: 4 | F2: C1 | G2: 0 | H2: 0 | I2: 0 | J2: MC | K2: 1 | L2: 1 | M2: 1
A3: T3-L4-Z17_MC-C2 | B3: T3 | C3: L4 | D3: Z17_MC | E3: 4 | F3: C2 | G3: 0 | H3: 0 | I3: 0 | J3: MC | K3: 1 | L3: 1 | M3: 1
A4: T3-L4-Z17_MC-C3 | B4: T3 | C4: L4 | D4: Z17_MC | E4: 4 | F4: C3 | G4: 0 | H4: 0 | I4: 0 | J4: MC | K4: 1 | L4: 1 | M4: 1
A5: T3-L4-Z17_MC-C4 | B5: T3 | C5: L4 | D5: Z17_MC | E5: 4 | F5: C4 | G5: 0 | H5: 0 | I5: 0 | J5: MC | K5: 1 | L5: 1 | M5: 1
A6: T3-L4-Z17_MC-C5 | B6: T3 | C6: L4 | D6: Z17_MC | E6: 4 | F6: C5 | G6: 0 | H6: 0 | I6: 0 | J6: MC | K6: 1 | L6: 1 | M6: 1
A7: T3-L4-Z17_MC-C6 | B7: T3 | C7: L4 | D7: Z17_MC | E7: 4 | F7: C6 | G7: 0 | H7: 0 | I7: 0 | J7: MC | K7: 1 | L7: 1 | M7: 1
A8: T3-L4-Z17_MC-C7 | B8: T3 | C8: L4 | D8: Z17_MC | E8: 4 | F8: C7 | G8: 0 | H8: 0 | I8: 0 | J8: MC | K8: 1 | L8: 1 | M8: 1
A9: T3-L4-Z17_MC-C8 | B9: T3 | C9: L4 | D9: Z17_MC | E9: 4 | F9: C8 | G9: 0 | H9: 0 | I9: 0 | J9: MC | K9: 1 | L9: 1 | M9: 1
A10: T3-L4-Z17_MC-C9 | B10: T3 | C10: L4 | D10: Z17_MC | E10: 4 | F10: C9 | G10: 0 | H10: 0 | I10: 0 | J10: MC | K10: 1 | L10: 1 | M10: 1
A11: T3-L4-Z17_MC-C10 | B11: T3 | C11: L4 | D11: Z17_MC | E11: 4 | F11: C10 | G11: 0 | H11: 0 | I11: 0 | J11: MC | K11: 1 | L11: 1 | M11: 1
A12: T3-L4-Z17_MC-C11 | B12: T3 | C12: L4 | D12: Z17_MC | E12: 4 | F12: C11 | G12: 0 | H12: 0 | I12: 0 | J12: MC | K12: 1 | L12: 1 | M12: 1
A13: T3-L4-Z17_MC-C12 | B13: T3 | C13: L4 | D13: Z17_MC | E13: 4 | F13: C12 | G13: 0 | H13: 0 | I13: 0 | J13: MC | K13: 1 | L13: 1 | M13: 1
... A42: T3-L3-Z11-C23 | B42: T3 | C42: L3 | D42: Z11 | E42: 4 | F42: C23 | G42: 1 | H42: 1 | I42: 1 | J42: Column | K42: 1 | L42: 1 | M42: 1
A43: T3-L3-Z12-C1 | B43: T3 | C43: L3 | D43: Z12 | E43: 4 | F43: C1 | G43: 1 | H43: 1 | J43: Column | K43: 1 | L43: 1 | M43: 1
A44: T3-L3-Z12-C2 | B44: T3 | C44: L3 | D44: Z12 | E44: 4 | F44: C2 | J44: Column | K44: 1 | L44: 1 | M44: 1
A45: T3-L3-Z12-C3 | B45: T3 | C45: L3 | D45: Z12 | E45: 4 | F45: C3 | J45: Column | K45: 1 | L45: 1 | M45: 1
A46: T3-L3-Z12-C4 | B46: T3 | C46: L3 | D46: Z12 | E46: 4 | F46: C4 | J46: Column | K46: 1 | L46: 1 | M46: 1
A47: T3-L3-Z12-C5 | B47: T3 | C47: L3 | D47: Z12 | E47: 4 | F47: C5 | G47: 1 | H47: 1 | J47: Column | K47: 1 | L47: 1 | M47: 1
A48: T3-L3-Z12-C6 | B48: T3 | C48: L3 | D48: Z12 | E48: 4 | F48: C6 | J48: Column | K48: 1 | L48: 1 | M48: 1
A49: T3-L3-Z12-C7 | B49: T3 | C49: L3 | D49: Z12 | E49: 4 | F49: C7 | J49: Column | K49: 1 | L49: 1 | M49: 1
A50: T3-L3-Z12-C8 | B50: T3 | C50: L3 | D50: Z12 | E50: 4 | F50: C8 | G50: 1 | H50: 1 | J50: Column | K50: 1 | L50: 1 | M50: 1
A51: T3-L3-Z12-C9 | B51: T3 | C51: L3 | D51: Z12 | E51: 4 | F51: C9 | G51: 1 | H51: 1 | J51: Column | K51: 1 | L51: 1 | M51: 1
A52: T3-L3-Z12-C10 | B52: T3 | C52: L3 | D52: Z12 | E52: 4 | F52: C10 | J52: Column | K52: 1 | L52: 1 | M52: 1
A53: T3-L3-Z12-C11 | B53: T3 | C53: L3 | D53: Z12 | E53: 4 | F53: C11 | J53: Column | K53: 1 | L53: 1 | M53: 1
A54: T3-L3-Z12-C12 | B54: T3 | C54: L3 | D54: Z12 | E54: 4 | F54: C12 | G54: 1 | H54: 1 | J54: Column | K54: 1 | L54: 1 | M54: 1
A55: T3-L3-Z14-C1 | B55: T3 | C55: L3 | D55: Z14 | E55: 4 | F55: C1 | J55: Column | L55: 1
A56: T3-L3-Z14-C2 | B56: T3 | C56: L3 | D56: Z14 | E56: 4 | F56: C2 | J56: Column | L56: 1
A57: T3-L3-Z14-C3 | B57: T3 | C57: L3 | D57: Z14 | E57: 4 | F57: C3 | J57: Column | L57: 1
A58: T3-L3-Z14-C4 | B58: T3 | C58: L3 | D58: Z14 | E58: 4 | F58: C4 | J58: Column | L58: 1
A59: T3-L3-Z14-C5 | B59: T3 | C59: L3 | D59: Z14 | E59: 4 | F59: C5 | J59: Column | L59: 1
A60: T3-L3-Z14-C6 | B60: T3 | C60: L3 | D60: Z14 | E60: 4 | F60: C6 | J60: Column | L60: 1
A61: T3-L3-Z14-C7 | B61: T3 | C61: L3 | D61: Z14 | E61: 4 | F61: C7 | J61: Column | L61: 1
A62: T3-L3-Z14-C8 | B62: T3 | C62: L3 | D62: Z14 | E62: 4 | F62: C8 | J62: Column | L62: 1
A63: T3-L3-Z14-C9 | B63: T3 | C63: L3 | D63: Z14 | E63: 4 | F63: C9 | J63: Column | L63: 1
A64: T3-L3-Z14-C10 | B64: T3 | C64: L3 | D64: Z14 | E64: 4 | F64: C10 | J64: Column | L64: 1
A65: T3-L3-Z14-C11 | B65: T3 | C65: L3 | D65: Z14 | E65: 4 | F65: C11 | J65: Column | L65: 1
A66: T3-L3-Z14-C12 | B66: T3 | C66: L3 | D66: Z14 | E66: 4 | F66: C12 | J66: Column | L66: 1
A67: T3-L4-Z15_MC-C1 | B67: T3 | C67: L4 | D67: Z15_MC | E67: 4 | F67: C1 | G67: 1 | H67: 1 | I67: 1 | J67: MC | K67: 1 | L67: 1 | M67: 1
A68: T3-L4-Z15_MC-C2 | B68: T3 | C68: L4 | D68: Z15_MC | E68: 4 | F68: C2 | G68: 1 | H68: 1 | I68: 1 | J68: MC | K68: 1 | L68: 1 | M68: 1
A69: T3-L4-Z15_MC-C3 | B69: T3 | C69: L4 | D69: Z15_MC | E69: 4 | F69: C3 | G69: 1 | H69: 1 | I69: 1 | J69: MC | K69: 1 | L69: 1 | M69: 1
A70: T3-L4-Z15_MC-C4 | B70: T3 | C70: L4 | D70: Z15_MC | E70: 4 | F70: C4 | G70: 1 | H70: 1 | I70: 1 | J70: MC | K70: 1 | L70: 1 | M70: 1
A71: T3-L4-Z15_MC-C5 | B71: T3 | C71: L4 | D71: Z15_MC | E71: 4 | F71: C5 | G71: 1 | H71: 1 | I71: 1 | J71: MC | K71: 1 | L71: 1 | M71: 1
A72: T3-L4-Z15_MC-C6 | B72: T3 | C72: L4 | D72: Z15_MC | E72: 4 | F72: C6 | G72: 1 | H72: 1 | I72: 1 | J72: MC | K72: 1 | L72: 1 | M72: 1
A73: T3-L4-Z16_MC-C1 | B73: T3 | C73: L4 | D73: Z16_MC | E73: 4 | F73: C1 | G73: 1 | H73: 1 | I73: 1 | J73: MC | K73: 1 | L73: 1 | M73: 1
A74: T3-L4-Z16_MC-C2 | B74: T3 | C74: L4 | D74: Z16_MC | E74: 4 | F74: C2 | G74: 1 | H74: 1 | I74: 1 | J74: MC | K74: 1 | L74: 1 | M74: 1
A75: T3-L4-Z16_MC-C3 | B75: T3 | C75: L4 | D75: Z16_MC | E75: 4 | F75: C3 | G75: 1 | H75: 1 | I75: 1 | J75: MC | K75: 1 | L75: 1 | M75: 1
A76: T3-L4-Z16_MC-C4 | B76: T3 | C76: L4 | D76: Z16_MC | E76: 4 | F76: C4 | G76: 1 | H76: 1 | I76: 1 | J76: MC | K76: 1 | L76: 1 | M76: 1
A77: T3-L4-Z16_MC-C5 | B77: T3 | C77: L4 | D77: Z16_MC | E77: 4 | F77: C5 | G77: 1 | H77: 1 | I77: 1 | J77: MC | K77: 1 | L77: 1 | M77: 1
A78: T3-L4-Z16_MC-C6 | B78: T3 | C78: L4 | D78: Z16_MC | E78: 4 | F78: C6 | G78: 1 | H78: 1 | I78: 1 | J78: MC | K78: 1 | L78: 1 | M78: 1
... A96: T3-L4-Z17_MC-C1 | B96: T3 | C96: L4 | D96: Z17_MC | E96: 4 | F96: C1 | G96: 1 | H96: 1 | I96: 1 | J96: MC | K96: 1 | L96: 1 | M96: 1
A97: T3-L4-Z17_MC-C2 | B97: T3 | C97: L4 | D97: Z17_MC | E97: 4 | F97: C2 | J97: MC | K97: 1 | L97: 1 | M97: 1
A98: T3-L4-Z17_MC-C3 | B98: T3 | C98: L4 | D98: Z17_MC | E98: 4 | F98: C3 | J98: MC | K98: 1 | L98: 1 | M98: 1
A99: T3-L4-Z17_MC-C4 | B99: T3 | C99: L4 | D99: Z17_MC | E99: 4 | F99: C4 | J99: MC | K99: 1 | L99: 1 | M99: 1
A100: T3-L4-Z17_MC-C5 | B100: T3 | C100: L4 | D100: Z17_MC | E100: 4 | F100: C5 | G100: 1 | H100: 1 | I100: 1 | J100: MC | K100: 1 | L100: 1 | M100: 1
A101: T3-L4-Z17_MC-C6 | B101: T3 | C101: L4 | D101: Z17_MC | E101: 4 | F101: C6 | G101: 1 | H101: 1 | I101: 1 | J101: MC | K101: 1 | L101: 1 | M101: 1
A102: T3-L4-Z17_MC-C7 | B102: T3 | C102: L4 | D102: Z17_MC | E102: 4 | F102: C7 | G102: 1 | H102: 1 | I102: 1 | J102: MC | K102: 1 | L102: 1 | M102: 1
A103: T3-L4-Z17_MC-C8 | B103: T3 | C103: L4 | D103: Z17_MC | E103: 4 | F103: C8 | G103: 1 | H103: 1 | I103: 1 | J103: MC | K103: 1 | L103: 1 | M103: 1
A104: T3-L4-Z17_MC-C9 | B104: T3 | C104: L4 | D104: Z17_MC | E104: 4 | F104: C9 | J104: MC | K104: 1 | L104: 1 | M104: 1
A105: T3-L4-Z17_MC-C10 | B105: T3 | C105: L4 | D105: Z17_MC | E105: 4 | F105: C10 | J105: MC | K105: 1 | L105: 1 | M105: 1
A106: T3-L4-Z17_MC-C11 | B106: T3 | C106: L4 | D106: Z17_MC | E106: 4 | F106: C11 | J106: MC | K106: 1 | L106: 1 | M106: 1
A107: T3-L4-Z17_MC-C12 | B107: T3 | C107: L4 | D107: Z17_MC | E107: 4 | F107: C12 | J107: MC | K107: 1 | L107: 1 | M107: 1
A108: T3-L4-Z19_MC-C1 | B108: T3 | C108: L4 | D108: Z19_MC | E108: 4 | F108: C1 | J108: MC | K108: 1 | L108: 1 | M108: 1
A109: T3-L4-Z19_MC-C2 | B109: T3 | C109: L4 | D109: Z19_MC | E109: 4 | F109: C2 | J109: MC | K109: 1 | L109: 1 | M109: 1
A110: T3-L4-Z19_MC-C3 | B110: T3 | C110: L4 | D110: Z19_MC | E110: 4 | F110: C3 | J110: MC | K110: 1 | L110: 1 | M110: 1
A111: T3-L4-Z19_MC-C4 | B111: T3 | C111: L4 | D111: Z19_MC | E111: 4 | F111: C4 | J111: MC | K111: 1 | L111: 1 | M111: 1
A112: T3-L4-Z19_MC-C5 | B112: T3 | C112: L4 | D112: Z19_MC | E112: 4 | F112: C5 | J112: MC | K112: 1 | L112: 1 | M112: 1
A113: T3-L4-Z19_MC-C6 | B113: T3 | C113: L4 | D113: Z19_MC | E113: 4 | F113: C6 | J113: MC | K113: 1 | L113: 1 | M113: 1
A114: T3-L4-Z19_MC-C7 | B114: T3 | C114: L4 | D114: Z19_MC | E114: 4 | F114: C7 | J114: MC | K114: 1 | L114: 1 | M114: 1
A115: T3-L4-Z19_MC-C8 | B115: T3 | C115: L4 | D115: Z19_MC | E115: 4 | F115: C8 | J115: MC | K115: 1 | L115: 1 | M115: 1
... A119: T3-L4-Z19_MC-C12 | B119: T3 | C119: L4 | D119: Z19_MC | E119: 4 | F119: C12 | J119: MC | K119: 1 | L119: 1 | M119: 1
A120: T3-L4-Polyesterene-C1 | B120: T3 | C120: L4 | D120: Polyesterene | E120: 4 | F120: C1 | G120: 0 | H120: 0 | I120: 0 | J120: Poly | K120: 0 | L120: 0 | M120: 0
A121: T3-L4-Polyesterene-C2 | B121: T3 | C121: L4 | D121: Polyesterene | E121: 4 | F121: C2 | G121: 0 | H121: 0 | I121: 0 | J121: Poly | K121: 0 | L121: 0 | M121: 0
A122: T3-L4-Polyesterene-C3 | B122: T3 | C122: L4 | D122: Polyesterene | E122: 4 | F122: C3 | G122: 0 | H122: 0 | I122: 0 | J122: Poly | K122: 0 | L122: 0 | M122: 0
A123: T3-L4-Polyesterene-C4 | B123: T3 | C123: L4 | D123: Polyesterene | E123: 4 | F123: C4 | G123: 0 | H123: 0 | I123: 0 | J123: Poly | K123: 0 | L123: 0 | M123: 0
A124: T3-L4-Polyesterene-C5 | B124: T3 | C124: L4 | D124: Polyesterene | E124: 4 | F124: C5 | G124: 0 | H124: 0 | I124: 0 | J124: Poly | K124: 0 | L124: 0 | M124: 0
A125: T3-L4-Polyesterene-C6 | B125: T3 | C125: L4 | D125: Polyesterene | E125: 4 | F125: C6 | G125: 0 | H125: 0 | I125: 0 | J125: Poly | K125: 0 | L125: 0 | M125: 0
A126: T3-L4-Polyesterene-C7 | B126: T3 | C126: L4 | D126: Polyesterene | E126: 4 | F126: C7 | G126: 0 | H126: 0 | I126: 0 | J126: Poly | K126: 0 | L126: 0 | M126: 0
A127: T3-L4-Polyesterene-C8 | B127: T3 | C127: L4 | D127: Polyesterene | E127: 4 | F127: C8 | G127: 0 | H127: 0 | I127: 0 | J127: Poly | K127: 0 | L127: 0 | M127: 0
A128: T3-L4-Polyesterene-C9 | B128: T3 | C128: L4 | D128: Polyesterene | E128: 4 | F128: C9 | G128: 0 | H128: 0 | I128: 0 | J128: Poly | K128: 0 | L128: 0 | M128: 0
A129: T3-L4-Polyesterene-C10 | B129: T3 | C129: L4 | D129: Polyesterene | E129: 4 | F129: C10 | G129: 0 | H129: 0 | I129: 0 | J129: Poly | K129: 0 | L129: 0 | M129: 0
A130: T3-L4-Polyesterene-C11 | B130: T3 | C130: L4 | D130: Polyesterene | E130: 4 | F130: C11 | G130: 0 | H130: 0 | I130: 0 | J130: Poly | K130: 0 | L130: 0 | M130: 0
A131: T3-L4-Polyesterene-C12 | B131: T3 | C131: L4 | D131: Polyesterene | E131: 4 | F131: C12 | G131: 0 | H131: 0 | I131: 0 | J131: Poly | K131: 0 | L131: 0 | M131: 0
... A224: T4-L1-Z11-C3 | B224: T4 | C224: L1 | D224: Z11 | E224: 2 | F224: C3 | G224: 1 | H224: 1 | I224: 1 | J224: Column | K224: 1 | L224: 1 | M224: 1
A225: T4-L1-Z11-C4 | B225: T4 | C225: L1 | D225: Z11 | E225: 2 | F225: C4 | J225: Column | K225: 1 | L225: 1
A226: T4-L1-Z11-C5 | B226: T4 | C226: L1 | D226: Z11 | E226: 2 | F226: C5 | J226: Column | K226: 1 | L226: 1
A227: T4-L1-Z11-C6 | B227: T4 | C227: L1 | D227: Z11 | E227: 2 | F227: C6 | G227: 1 | H227: 1 | I227: 1 | J227: Column | K227: 1 | L227: 1 | M227: 1
A228: T4-L1-Z11-C7 | B228: T4 | C228: L1 | D228: Z11 | E228: 2 | F228: C7 | J228: Column | K228: 1 | L228: 1
A229: T4-L1-Z12-C1 | B229: T4 | C229: L1 | D229: Z12 | E229: 2 | F229: C1 | G229: 1 | H229: 1 | I229: 1 | J229: Column | K229: 1 | L229: 1 | M229: 1
A230: T4-L1-Z12-C2 | B230: T4 | C230: L1 | D230: Z12 | E230: 2 | F230: C2 | G230: 1 | H230: 1 | I230: 1 | J230: Column | K230: 1 | L230: 1 | M230: 1
A231: T4-L1-Z12-C3 | B231: T4 | C231: L1 | D231: Z12 | E231: 2 | F231: C3 | G231: 1 | H231: 1 | I231: 1 | J231: Column | K231: 1 | L231: 1 | M231: 1
A232: T4-L1-Z12-C4 | B232: T4 | C232: L1 | D232: Z12 | E232: 2 | F232: C4 | G232: 1 | H232: 1 | I232: 1 | J232: Column | K232: 1 | L232: 1 | M232: 1
A233: T4-L1-Z12-C5 | B233: T4 | C233: L1 | D233: Z12 | E233: 2 | F233: C5 | G233: 1 | H233: 1 | I233: 1 | J233: Column | K233: 1 | L233: 1 | M233: 1
A234: T4-L1-Z12-C6 | B234: T4 | C234: L1 | D234: Z12 | E234: 2 | F234: C6 | G234: 1 | H234: 1 | I234: 1 | J234: Column | K234: 1 | L234: 1 | M234: 1
A235: T4-L1-Z12-C7 | B235: T4 | C235: L1 | D235: Z12 | E235: 2 | F235: C7 | G235: 1 | H235: 1 | J235: Column | K235: 1 | L235: 1
A236: T4-L1-Z12-C8 | B236: T4 | C236: L1 | D236: Z12 | E236: 2 | F236: C8 | G236: 1 | H236: 1 | I236: 1 | J236: Column | K236: 1 | L236: 1 | M236: 1
A237: T4-L1-Z12-C9 | B237: T4 | C237: L1 | D237: Z12 | E237: 2 | F237: C9 | J237: Column | K237: 1 | L237: 1
A238: T4-L1-Z12-C10 | B238: T4 | C238: L1 | D238: Z12 | E238: 2 | F238: C10 | J238: Column | K238: 1 | L238: 1
A239: T4-L1-Z12-C11 | B239: T4 | C239: L1 | D239: Z12 | E239: 2 | F239: C11 | J239: Column | K239: 1 | L239: 1
A240: T4-L1-Z12-C12 | B240: T4 | C240: L1 | D240: Z12 | E240: 2 | F240: C12 | J240: Column | K240: 1 | L240: 1
...

Sheet pivot
A1: Tower | B1: T3
A2: Category | B2: Column
A4: Row Labels | B4: Sum of fwk_pc13 | C4: Sum of rebar_pc13 | D4: Sum of concrete_pc13 | E4: Sum of fwk_pc14 | F4: Sum of rebar_pc14 | G4: Sum of concrete_pc14
A5: L3 | B5: 34 | C5: 34 | D5: 29 | E5: 41 | F5: 53 | G5: 41
A6: 4 | B6: 34 | C6: 34 | D6: 29 | E6: 41 | F6: 53 | G6: 41
A7: Grand Total | B7: 34 | C7: 34 | D7: 29 | E7: 41 | F7: 53 | G7: 41

Sheet Column_Summary
A1: Tower | B1: Level | C1: SOW | D1: Column_nos | E1: Progress_PC13 | F1: Progress_PC14 | G1: %_progress_PC13 | H1: %_progress_PC14
A2: T4 | B2: L1 | C2: 2 | D2: =COUNTIFS(column_progress!B:B,$A2, column_progress!C:C,$B2, column_progress!E:E,TRIM($C2)) -> 68 | E2: =AVERAGE(pivot!B6:D6) -> 32.333333 | F2: =AVERAGE(pivot!E6:G6) -> 45 | G2: =E2/D2 -> 0.4754902 | H2: =F2/D2 -> 0.66176471
A3: T4 | B3: L1 | C3: 5 | D3: =COUNTIFS(column_progress!B:B,$A3, column_progress!C:C,$B3, column_progress!E:E,TRIM($C3)) -> 24 | E3: 24 | F3: 24 | G3: =E3/D3 -> 1 | H3: =F3/D3 -> 1
A4: T4 | B4: L1M | C4: 6 | D4: =COUNTIFS(column_progress!B:B,$A4, column_progress!C:C,$B4, column_progress!E:E,TRIM($C4)) -> 35 | E4: 35 | F4: 35 | G4: =E4/D4 -> 1 | H4: =F4/D4 -> 1
A5: T4 | B5: L2 | C5: 6 | D5: =COUNTIFS(column_progress!B:B,$A5, column_progress!C:C,$B5, column_progress!E:E,TRIM($C5)) -> 117 | E5: =AVERAGE(pivot!B6:D6) -> 32.333333 | F5: =AVERAGE(pivot!E6:G6) -> 45 | G5: =E5/D5 -> 0.27635328 | H5: =F5/D5 -> 0.38461538
A6: T3 | B6: L1 | C6: 2 | D6: 14 | E6: 14 | F6: 14 | G6: =E6/D6 -> 1 | H6: =F6/D6 -> 1
A7: T3 | B7: L1 | C7: 4 | D7: 10 | E7: 10 | F7: 10 | G7: =E7/D7 -> 1 | H7: =F7/D7 -> 1
A8: T3 | B8: L3 | C8: 4 | D8: =COUNTIFS(column_progress!B:B,$A8, column_progress!C:C,$B8, column_progress!E:E,TRIM($C8)) -> 53 | E8: =AVERAGE(pivot!B6:D6) -> 32.333333 | F8: =AVERAGE(pivot!E6:G6) -> 45 | G8: =E8/D8 -> 0.61006289 | H8: =F8/D8 -> 0.8490566
D10: =D6+D2 -> 82 | E10: =E2+E6 -> 46.333333 | F10: =F2+F6 -> 59 | G10: =G2+G6 -> 1.4754902 | H10: =H2+H6 -> 1.6617647
D11: =D7+D8 -> 63 | E11: =E7+E8 -> 42.333333 | F11: =F7+F8 -> 55
D12: =D4+D5 -> 152 | E12: =E4+E5 -> 67.333333 | F12: =F4+F5 -> 80

Sheet Pivot_SOW
A3: Row Labels | B3: Sum of Column_nos | C3: Sum of Progress_PC13 | D3: Sum of Progress_PC14 | E3: %_progress_PC13 | F3: %_progress_PC14
A4: 2 | B4: 82 | C4: 67.666667 | D4: 75.666667 | E4: =C4/B4*100 -> 82.520325 | F4: =D4/B4*100 -> 92.276423
A5: 4 | B5: 63 | C5: 63.666667 | D5: 71.666667 | E5: =C5/B5*100 -> 101.0582 | F5: =D5/B5*100 -> 113.75661
A6: 5 | B6: 24 | C6: 24 | D6: 24 | E6: =C6/B6*100 -> 100 | F6: =D6/B6*100 -> 100
A7: 6 | B7: 152 | C7: 98 | D7: 100.66667 | E7: =C7/B7*100 -> 64.473684 | F7: =D7/B7*100 -> 66.22807
A8: Grand Total | B8: 321 | C8: 253.33333 | D8: 272

Sheet Sheet6
A1: SOW | B1: Column_nos | C1: Progress_PC13 | D1: Progress_PC14 | E1: %_progress_PC13 | F1: %_progress_PC14
A2: 2 | B2: 82 | C2: 46.33 | D2: 59 | E2: =C2/B2*100 -> 56.5 | F2: =D2/B2*100 -> 71.95122
A3: 4 | B3: 63 | C3: 42.33 | D3: 55 | E3: =C3/B3*100 -> 67.190476 | F3: =D3/B3*100 -> 87.301587
A4: 5 | B4: 24 | C4: 24 | D4: 24 | E4: =C4/B4*100 -> 100 | F4: =D4/B4*100 -> 100
A5: 6 | B5: 152 | C5: 67.33 | D5: 80 | E5: =C5/B5*100 -> 44.296053 | F5: =D5/B5*100 -> 52.631579
